frequency,rebalance_distance,annual_return
1,inf,0.1487365323008127
1,0.0,0.0103229972640894
2,0.0,0.0238989340826474
3,0.0,0.0349796766025169
4,0.0,0.04343057515046
5,0.0,0.0467397752804708
6,0.0,0.0466795002431119
7,0.0,0.0478870637108044
8,0.0,0.0512099576581099
9,0.0,0.0511657540131318
10,0.0,0.0527988121291997
11,0.0,0.0521739668292886
12,0.0,0.0561027269738954
13,0.0,0.0560747275133779
14,0.0,0.0594699629862964
15,0.0,0.0599921064926782
16,0.0,0.0607583005931857
17,0.0,0.0664562298559174
18,0.0,0.0611586418850889
19,0.0,0.0620965904411878
20,0.0,0.0620876795432896
21,0.0,0.0624035040628481
22,0.0,0.0668735735047227
23,0.0,0.0658710441965366
24,0.0,0.064934165056361
25,0.0,0.0610057232651159
26,0.0,0.0629008720096673
27,0.0,0.0628597765164871
28,0.0,0.0620643672238223
29,0.0,0.0702541130332796
30,0.0,0.060319589963292
31,0.0,0.0629220491936179
32,0.0,0.0662469823255123
33,0.0,0.0651295086873124
34,0.0,0.0652632235850767
35,0.0,0.0676001549636
36,0.0,0.0688670957391148
37,0.0,0.0659604756405107
38,0.0,0.0722900184767485
39,0.0,0.063310338440049
40,0.0,0.0681542072956711
41,0.0,0.0681622064320162
42,0.0,0.0630673361842584
43,0.0,0.0648106467655171
44,0.0,0.0663937697456704
45,0.0,0.0717499890362118
46,0.0,0.0651756528934934
47,0.0,0.0773856048796226
48,0.0,0.0774863379794377
49,0.0,0.0670990994860034
50,0.0,0.0728452099591538
51,0.0,0.0755591510951088
52,0.0,0.0759603759107216
53,0.0,0.0729455049536862
54,0.0,0.0699834789443798
55,0.0,0.0701843376014745
56,0.0,0.0647255906048511
57,0.0,0.0728997196359428
58,0.0,0.0805068401194306
59,0.0,0.0753232462643782
60,0.0,0.0761623377611053
61,0.0,0.0725751824741871
62,0.0,0.0729156989757333
63,0.0,0.0822738732105041
64,0.0,0.077496999212514
65,0.0,0.0751844211430363
66,0.0,0.0665176242645317
67,0.0,0.070522324959519
68,0.0,0.0815543462503742
69,0.0,0.0816946431899996
70,0.0,0.0868102408974189
71,0.0,0.0729364146733286
72,0.0,0.0694908715048705
73,0.0,0.0727791155791039
74,0.0,0.0726850047463487
75,0.0,0.0847063062801685
76,0.0,0.0844444824890733
77,0.0,0.0818873272145748
78,0.0,0.0753814871024325
79,0.0,0.0740999308124295
80,0.0,0.0655835906098398
81,0.0,0.0716377371408907
82,0.0,0.0686789843073356
83,0.0,0.0689114166416458
84,0.0,0.0699715263734019
85,0.0,0.0768943338312706
86,0.0,0.0886009103312841
87,0.0,0.0791269544694905
88,0.0,0.0712986854634969
89,0.0,0.0729286979958838
90,0.0,0.0728404574098016
91,0.0,0.0773655160267094
92,0.0,0.0698391829836266
93,0.0,0.0689936156120265
94,0.0,0.0675095919165664
95,0.0,0.073645869205132
96,0.0,0.0727089782710812
97,0.0,0.0726691202335767
98,0.0,0.070438287898108
99,0.0,0.0725017973167616
100,0.0,0.0749030064558351
101,0.0,0.0691769084456195
102,0.0,0.0740272178496386
103,0.0,0.0754600650812664
104,0.0,0.0760000083530587
105,0.0,0.0752567938876056
106,0.0,0.0646115984759259
107,0.0,0.0748790261866314
108,0.0,0.0736129342617184
109,0.0,0.0772280422273146
110,0.0,0.0705820417197131
111,0.0,0.0707888694605254
112,0.0,0.0721250561491304
113,0.0,0.0773694503200839
114,0.0,0.0757567269818115
115,0.0,0.071144367803573
116,0.0,0.0658454318891088
117,0.0,0.0732314537675036
118,0.0,0.0744994534576508
119,0.0,0.0698985729082815
120,0.0,0.059742350533569
121,0.0,0.0699757784106356
122,0.0,0.0729146415734287
123,0.0,0.0777945385842946
124,0.0,0.0705258773713186
125,0.0,0.0704046474405017
126,0.0,0.067000497257567
127,0.0,0.061140748137316
128,0.0,0.0637121431905376
129,0.0,0.0696493924144461
130,0.0,0.0722119859229928
131,0.0,0.0765598057220009
132,0.0,0.0768123897618295
133,0.0,0.0694449663485456
134,0.0,0.0706093779246823
135,0.0,0.0691122977152465
136,0.0,0.0689017856076119
137,0.0,0.0720413342914207
138,0.0,0.0638545072940519
139,0.0,0.0639291867798383
140,0.0,0.061157772756416
141,0.0,0.0671275989761213
142,0.0,0.0687017261106481
143,0.0,0.0718015216065079
144,0.0,0.0690661063673814
145,0.0,0.0852727085231221
146,0.0,0.085231496377462
147,0.0,0.0844976224466622
148,0.0,0.0708538477935269
149,0.0,0.0656426691349751
150,0.0,0.0605495775325637
151,0.0,0.0600217104333482
152,0.0,0.0596505036104286
153,0.0,0.0593890301238044
154,0.0,0.0543730625272924
155,0.0,0.0646956680021069
156,0.0,0.0689685291671022
157,0.0,0.0698720212760037
158,0.0,0.0712917239240107
159,0.0,0.0734386414586059
160,0.0,0.0736820381378984
161,0.0,0.0715929756842239
162,0.0,0.0705496630531035
163,0.0,0.0673562446996796
164,0.0,0.0712258797682259
165,0.0,0.0610045770906952
166,0.0,0.0669280612593272
167,0.0,0.0670966373388379
168,0.0,0.0596543760348964
169,0.0,0.0590603330843106
170,0.0,0.0636928207120921
171,0.0,0.0616540635175701
172,0.0,0.0659225720993004
173,0.0,0.0634826518963944
174,0.0,0.0630828988980078
175,0.0,0.0537883610620111
176,0.0,0.0719338512847125
177,0.0,0.0690578856970245
178,0.0,0.0747908268462738
179,0.0,0.0730946898040632
180,0.0,0.0655290977859721
181,0.0,0.0651866052508982
182,0.0,0.064681171806463
183,0.0,0.0645202102827715
184,0.0,0.0591595437240199
185,0.0,0.0603439268662104
186,0.0,0.0539369062935239
187,0.0,0.0629010646985532
188,0.0,0.0627913150618852
189,0.0,0.0630105633519064
190,0.0,0.0628888932608904
191,0.0,0.0756201825951006
192,0.0,0.0749355888879037
193,0.0,0.0718231903569655
194,0.0,0.0698421224271155
195,0.0,0.0691648798253479
196,0.0,0.0604061869371916
197,0.0,0.0583146891533539
198,0.0,0.0593407999687494
199,0.0,0.0598671992934893
200,0.0,0.0664326227423108
201,0.0,0.0771847728748638
202,0.0,0.0772480016232615
203,0.0,0.0797575991712138
204,0.0,0.07669763350467
205,0.0,0.0768812765813484
206,0.0,0.0787684200837401
207,0.0,0.0753382802687094
208,0.0,0.0725926207943068
209,0.0,0.0731057955905352
210,0.0,0.073180938431413
211,0.0,0.0657316506112501
212,0.0,0.0694722973891432
213,0.0,0.0673453864707607
214,0.0,0.0697989620434282
215,0.0,0.0665941055122116
216,0.0,0.0664835507453396
217,0.0,0.0609026525029285
218,0.0,0.0571120100505557
219,0.0,0.0616923987634272
220,0.0,0.056556038807934
221,0.0,0.0502543996466915
222,0.0,0.0593306668381155
223,0.0,0.0598494239358224
224,0.0,0.0571686519932232
225,0.0,0.0562264796588678
226,0.0,0.0575459907490096
227,0.0,0.0565171159537483
228,0.0,0.0579923300203113
229,0.0,0.043444461258401
230,0.0,0.0432745142486972
231,0.0,0.0424503877114232
232,0.0,0.0419743090698034
233,0.0,0.0678660841914795
234,0.0,0.0708767244479757
235,0.0,0.0728093375742935
236,0.0,0.0774639834876007
237,0.0,0.0778090147870824
238,0.0,0.0757138881362078
239,0.0,0.0768680967221295
240,0.0,0.0775859696830907
241,0.0,0.0745079396211012
242,0.0,0.0767036476483473
243,0.0,0.0844815223621238
244,0.0,0.0842967020852358
245,0.0,0.082482084416223
246,0.0,0.0778903126268522
247,0.0,0.0751520539664436
248,0.0,0.0680340317226668
249,0.0,0.075015958849431
250,0.0,0.0783028896740902
251,0.0,0.0775586368470127
252,0.0,0.0784757121112214
253,0.0,0.0715683007234315
254,0.0,0.0709630684802153
255,0.0,0.0737009055928219
256,0.0,0.0854347722257231
257,0.0,0.0860391922009942
258,0.0,0.0857569834659874
259,0.0,0.0833269216598751
260,0.0,0.0782398550238925
261,0.0,0.0747394172734507
262,0.0,0.0745924634979708
263,0.0,0.0662330750654502
264,0.0,0.0646123095308501
265,0.0,0.0634928174371489
266,0.0,0.0630441767374048
267,0.0,0.0673106238034726
268,0.0,0.0640019042058164
269,0.0,0.0592757599234654
270,0.0,0.0624141526888415
271,0.0,0.070864144492714
272,0.0,0.0706557996567189
273,0.0,0.0631585559696594
274,0.0,0.0693108972610005
275,0.0,0.0596001355089788
276,0.0,0.0586216951082756
277,0.0,0.0600046025424081
278,0.0,0.0682569383841784
279,0.0,0.0679018454897819
280,0.0,0.0665105234911576
281,0.0,0.0753954938193364
282,0.0,0.0749534252036621
283,0.0,0.0793133315863687
284,0.0,0.0820488815601465
285,0.0,0.0773341458023968
286,0.0,0.0770433213979411
287,0.0,0.0792802230978084
288,0.0,0.0843315995246527
289,0.0,0.0832109730544556
290,0.0,0.0857768946702275
291,0.0,0.0891698689850681
292,0.0,0.0942603437776028
293,0.0,0.0943249795678717
294,0.0,0.0941407161354683
295,0.0,0.0929588508316163
296,0.0,0.0915216500641264
297,0.0,0.0901898797170743
298,0.0,0.0981708832122691
299,0.0,0.100118312773701
300,0.0,0.100347234149775
301,0.0,0.1024215052034083
302,0.0,0.095394308586431
303,0.0,0.092060581316318
304,0.0,0.0913284867749559
305,0.0,0.0928239445813923
306,0.0,0.0864897846655998
307,0.0,0.0848921554703416
308,0.0,0.0895776332661502
309,0.0,0.0890196694956335
310,0.0,0.0849496479427529
311,0.0,0.0892822962019572
312,0.0,0.0902407378172136
313,0.0,0.0865539347800068
314,0.0,0.087522629113188
315,0.0,0.0853651784727966
316,0.0,0.0833273617724694
317,0.0,0.0845896537193615
318,0.0,0.0931703544813504
319,0.0,0.0989984732545941
320,0.0,0.0943978544531773
321,0.0,0.0950524812990425
322,0.0,0.090402244148134
323,0.0,0.0875324868036235
324,0.0,0.0946541841408339
325,0.0,0.101615410701789
326,0.0,0.1066105124158351
327,0.0,0.1110278097316306
328,0.0,0.1121183080510646
329,0.0,0.1080301032783874
330,0.0,0.108076717444189
331,0.0,0.1100359450128927
332,0.0,0.103863312191587
333,0.0,0.1094573905913478
334,0.0,0.1134054512975055
335,0.0,0.1138933994119644
336,0.0,0.1070553094147959
337,0.0,0.108244118680449
338,0.0,0.1106441083715767
339,0.0,0.1110276005233468
340,0.0,0.1082263741881535
341,0.0,0.1113224724800547
342,0.0,0.1084696862547478
343,0.0,0.0999028931286576
344,0.0,0.1064277972213894
345,0.0,0.1054915940293776
346,0.0,0.1067263789516004
347,0.0,0.1102277286271096
348,0.0,0.1121942181852639
349,0.0,0.1102352926962357
350,0.0,0.1093261195351387
351,0.0,0.1170806283123211
352,0.0,0.121871506997492
353,0.0,0.1192970337592289
354,0.0,0.114242560740402
355,0.0,0.1151639784517974
356,0.0,0.1139305199514506
357,0.0,0.1068832328617586
358,0.0,0.1037636640569183
359,0.0,0.1021820909570945
360,0.0,0.1027177131991137
361,0.0,0.104063725644157
362,0.0,0.0965790755098683
363,0.0,0.0965103198178929
364,0.0,0.1019832423343201
365,0.0,0.108514696151762
366,0.0,0.109558598734881
367,0.0,0.1078981162515233
368,0.0,0.1035894554053291
369,0.0,0.1032077841520799
370,0.0,0.1040771427225852
371,0.0,0.1019584748726978
372,0.0,0.0996593870330648
373,0.0,0.0998352437734368
374,0.0,0.1055904811813557
375,0.0,0.1057454655413532
376,0.0,0.1054748791025617
377,0.0,0.1049066662321578
378,0.0,0.1027347618476117
379,0.0,0.0959298218476942
380,0.0,0.1054567490181996
381,0.0,0.1041223911097621
382,0.0,0.1133814008187183
383,0.0,0.1210089831868519
384,0.0,0.1189769821793762
385,0.0,0.1176671510152351
386,0.0,0.1170800021469
387,0.0,0.116984961929961
388,0.0,0.1136508092242196
389,0.0,0.1195147936918854
390,0.0,0.1217253135464486
391,0.0,0.1220265068178556
392,0.0,0.120307584343422
393,0.0,0.1216583533570103
394,0.0,0.121515799355238
395,0.0,0.1202659439044715
396,0.0,0.1192482189781618
397,0.0,0.1215276491529104
398,0.0,0.1209460395673747
399,0.0,0.1179099348017786
400,0.0,0.1236828724004699
401,0.0,0.1253819624250505
402,0.0,0.1265264386103859
403,0.0,0.1218731562808779
404,0.0,0.1244383741167596
405,0.0,0.1236586420708727
406,0.0,0.1256315840499333
407,0.0,0.1327689519225761
408,0.0,0.1442123037856206
409,0.0,0.15619656559911
410,0.0,0.1546645078409758
411,0.0,0.1450307963318526
412,0.0,0.1430581523014746
413,0.0,0.1444998694349686
414,0.0,0.1506131457408861
415,0.0,0.1480475250257851
416,0.0,0.151200758363847
417,0.0,0.1559904286101558
418,0.0,0.166453425384919
419,0.0,0.1666166659840378
420,0.0,0.1717047879104452
421,0.0,0.1702096720061952
422,0.0,0.1681794872237916
423,0.0,0.1612300058294269
424,0.0,0.1568008606660287
425,0.0,0.1461820014745269
426,0.0,0.1461910810808704
427,0.0,0.1474650930328727
428,0.0,0.1442768479696143
429,0.0,0.1436531917845078
430,0.0,0.1419721260794515
431,0.0,0.1426681964939782
432,0.0,0.1473409291908136
433,0.0,0.1497806471876797
434,0.0,0.1569928868962877
435,0.0,0.1568274090428745
436,0.0,0.1645853954621736
437,0.0,0.164679018513282
438,0.0,0.163682177243325
439,0.0,0.1594492579651842
440,0.0,0.1592194550469454
441,0.0,0.1549971686247344
442,0.0,0.1589017734184343
443,0.0,0.1560964192536416
444,0.0,0.1595140664916254
445,0.0,0.1530079201963325
446,0.0,0.1580636190660123
447,0.0,0.1576449917696896
448,0.0,0.154732193616971
449,0.0,0.1519225446249892
450,0.0,0.1467900368223083
451,0.0,0.1443814789500557
452,0.0,0.1452725970864938
453,0.0,0.1487019510646239
454,0.0,0.1491640560232059
455,0.0,0.1481962636793665
456,0.0,0.1415347618103939
457,0.0,0.1374396774074318
458,0.0,0.1376681062161857
459,0.0,0.139704133818391
460,0.0,0.147902813476068
461,0.0,0.1450939024868287
462,0.0,0.148428090016736
463,0.0,0.1387690161144534
464,0.0,0.1353028168624583
465,0.0,0.1382565743817476
466,0.0,0.137769894911409
467,0.0,0.1350731866236734
468,0.0,0.1352917052373177
469,0.0,0.1347097443062697
470,0.0,0.1391877019925933
471,0.0,0.1340681878924048
472,0.0,0.1328327763283121
473,0.0,0.1323792505676826
474,0.0,0.1310866070506362
475,0.0,0.1281790726599032
476,0.0,0.1286857502563807
477,0.0,0.1285664245043671
478,0.0,0.1380719701367332
479,0.0,0.1347273461387601
480,0.0,0.1327670427598397
481,0.0,0.1321280287190736
482,0.0,0.1328659288375884
483,0.0,0.1370765675388587
484,0.0,0.1414895275577756
485,0.0,0.1452016144305778
486,0.0,0.1450052562682482
487,0.0,0.1495399522180367
488,0.0,0.1481315182412346
489,0.0,0.1473232244382145
490,0.0,0.1504496205065619
491,0.0,0.1624671876748309
492,0.0,0.1596406638790295
493,0.0,0.1554898216085176
494,0.0,0.1552904286508984
495,0.0,0.1549693505114384
496,0.0,0.1562180331771963
497,0.0,0.1607498698503315
498,0.0,0.155717752937742
499,0.0,0.152147394108044
500,0.0,0.1505465686837499
501,0.0,0.1507355492054405
502,0.0,0.1476227320320526
503,0.0,0.1476753669080726
504,0.0,0.1474273138346866
505,0.0,0.1467359059335269
506,0.0,0.1468868807723184
507,0.0,0.1471711087668841
508,0.0,0.1446460374136264
509,0.0,0.1407369921211254
510,0.0,0.1402431094413323
511,0.0,0.1360305818495937
512,0.0,0.13844494386296
513,0.0,0.1345325906576033
514,0.0,0.1312751644586061
515,0.0,0.1331097631427695
516,0.0,0.1271887959214983
517,0.0,0.1279062973729514
518,0.0,0.1279005116213398
519,0.0,0.1252420657017117
520,0.0,0.1253666242379607
521,0.0,0.1245038493825061
522,0.0,0.1243163857176758
523,0.0,0.1251207189704473
524,0.0,0.1250239878416112
525,0.0,0.1169168166538419
526,0.0,0.1127104134839127
527,0.0,0.1209918910508116
528,0.0,0.1126907646706907
529,0.0,0.113102459872294
530,0.0,0.1057336946830191
531,0.0,0.1061689983888913
532,0.0,0.1023058646967911
533,0.0,0.0964919091324962
534,0.0,0.0948466563776919
535,0.0,0.0945220336346328
536,0.0,0.0938591446534578
537,0.0,0.08903405246986
538,0.0,0.0893876006911909
539,0.0,0.1018326419012078
540,0.0,0.1012792883891011
541,0.0,0.1049415952548453
542,0.0,0.100976040675542
543,0.0,0.1113491340573913
544,0.0,0.1174619992098773
545,0.0,0.1142021563105559
546,0.0,0.132527035921147
547,0.0,0.135492974601401
548,0.0,0.1312141138994593
549,0.0,0.1272681802483575
550,0.0,0.1254420748029434
551,0.0,0.1066430909773654
552,0.0,0.1071661898604396
553,0.0,0.1194094975972965
554,0.0,0.10688236584989
555,0.0,0.1191646606247558
556,0.0,0.104103741223229
557,0.0,0.1051118254551293
558,0.0,0.1260972963011331
559,0.0,0.1261189509279132
560,0.0,0.1279526219268849
561,0.0,0.1224676721505151
562,0.0,0.1197875032299657
563,0.0,0.1112105246882355
564,0.0,0.1134365108178798
565,0.0,0.1111044906562392
566,0.0,0.111158117197863
567,0.0,0.1172402039246618
568,0.0,0.1240436220262326
569,0.0,0.1291166517419761
570,0.0,0.1393383439336408
571,0.0,0.1358460824963057
572,0.0,0.1376426422613206
573,0.0,0.1374666938445989
574,0.0,0.1459430235506615
575,0.0,0.1500261111208534
576,0.0,0.1585233243467032
577,0.0,0.1600700991163908
578,0.0,0.1643085052707467
579,0.0,0.1623441461222998
580,0.0,0.1612023156718685
581,0.0,0.162701281186895
582,0.0,0.1578055201679553
583,0.0,0.1629880598661741
584,0.0,0.1639305394082457
585,0.0,0.1601567062184732
586,0.0,0.1619162059215526
587,0.0,0.1613506213606637
588,0.0,0.1586980664553223
589,0.0,0.1551795307568519
590,0.0,0.1579956514494629
591,0.0,0.1618524024264467
592,0.0,0.1623301924979214
593,0.0,0.1689970794866888
594,0.0,0.1686543549278527
595,0.0,0.1684517685466664
596,0.0,0.1720714535799894
597,0.0,0.1744918340293737
598,0.0,0.176119709723783
599,0.0,0.1770367851924503
600,0.0,0.1833894331032477
601,0.0,0.1836968158398897
602,0.0,0.187063351877593
603,0.0,0.1854002970020332
604,0.0,0.1903399765160824
605,0.0,0.1954210243372303
606,0.0,0.1922547610878013
607,0.0,0.1889855374853815
608,0.0,0.1892005870223825
609,0.0,0.1857178401048618
610,0.0,0.1825764296445666
611,0.0,0.1836435284285456
612,0.0,0.1804470320312838
613,0.0,0.1928197892081744
614,0.0,0.1959770970578502
615,0.0,0.1960264018998954
616,0.0,0.1949246393717887
617,0.0,0.1904279253330945
618,0.0,0.1882180515325315
619,0.0,0.1845794692697744
620,0.0,0.1897862635507847
621,0.0,0.1928637019767809
622,0.0,0.1929102928017598
623,0.0,0.1894457831712732
624,0.0,0.1853850178928027
625,0.0,0.1863275643684339
626,0.0,0.1849740911483275
627,0.0,0.1880554331261459
628,0.0,0.1920115733030434
629,0.0,0.1905264363976078
630,0.0,0.1949434101640246
631,0.0,0.1939615348377072
632,0.0,0.1982546785098999
633,0.0,0.2010780992039336
634,0.0,0.1991938950689915
635,0.0,0.1943172209463479
636,0.0,0.1923041063748167
637,0.0,0.1920927991619754
638,0.0,0.1866725148067123
639,0.0,0.1823441484850274
640,0.0,0.1822525917369064
641,0.0,0.1830818043319839
642,0.0,0.1845652710911989
643,0.0,0.1846692792184232
644,0.0,0.1854230957311926
645,0.0,0.1843353016672777
646,0.0,0.1764155792182593
647,0.0,0.1758215834438834
648,0.0,0.1735708953322787
649,0.0,0.1697122327678129
650,0.0,0.1685743789842424
651,0.0,0.1608761212505198
652,0.0,0.1617713446613267
653,0.0,0.1628754932385014
654,0.0,0.1573816936308087
655,0.0,0.1615859293427632
656,0.0,0.1583922116534359
657,0.0,0.157550562436086
658,0.0,0.1555477469016517
659,0.0,0.1601674901361918
660,0.0,0.1568180658545217
661,0.0,0.1618529226056475
662,0.0,0.1579060836462686
663,0.0,0.1603385817417855
664,0.0,0.159171522536085
665,0.0,0.1614497481776793
666,0.0,0.1563839027924189
667,0.0,0.1633594599229133
668,0.0,0.1689307156112496
669,0.0,0.1684839048683772
670,0.0,0.1610512816177767
671,0.0,0.1680960868698009
672,0.0,0.1525093197702964
673,0.0,0.1469223422306114
674,0.0,0.1447928048337279
675,0.0,0.140145218796919
676,0.0,0.1388550522213985
677,0.0,0.1270462343931266
678,0.0,0.1316301251866174
679,0.0,0.1289127636355249
680,0.0,0.1226771176030094
681,0.0,0.1202769613897771
682,0.0,0.118375070835609
683,0.0,0.1276898861403237
684,0.0,0.1290175219809408
685,0.0,0.1281582951471944
686,0.0,0.1265322596351115
687,0.0,0.1260847872453345
688,0.0,0.1379945205254611
689,0.0,0.1354577121970475
690,0.0,0.1334459369625722
691,0.0,0.1280804357582035
692,0.0,0.1285049482345452
693,0.0,0.1272355129494684
694,0.0,0.1287059440061635
695,0.0,0.1277403578662015
696,0.0,0.1165274503897086
697,0.0,0.1127906649064525
698,0.0,0.1165738017688051
699,0.0,0.1167701055045022
700,0.0,0.1225428679809643
701,0.0,0.1263002812973346
702,0.0,0.1297747860429625
703,0.0,0.1324611473454371
704,0.0,0.137600296964899
705,0.0,0.1374682805601974
706,0.0,0.1383572855918939
707,0.0,0.1384225690804312
708,0.0,0.1260002744022683
709,0.0,0.1281616387825317
710,0.0,0.1229359760788044
711,0.0,0.1192526594780736
712,0.0,0.1226537220544743
713,0.0,0.1180014185873172
714,0.0,0.1095932265009267
715,0.0,0.102081774905427
716,0.0,0.1067812055358972
717,0.0,0.1030338378170969
718,0.0,0.1101588955867647
719,0.0,0.1111641265856944
720,0.0,0.1097291346544993
721,0.0,0.1096466933470776
722,0.0,0.1149393481439911
723,0.0,0.1242567295590697
724,0.0,0.1212100758963949
725,0.0,0.1222200260427719
726,0.0,0.1216620790331401
727,0.0,0.1230963901440058
728,0.0,0.1276001937566393
729,0.0,0.1227680576048062
730,0.0,0.1210989425649033
731,0.0,0.1140694022636019
732,0.0,0.1181366512895809
733,0.0,0.1156838539423057
734,0.0,0.1254927906345264
735,0.0,0.12062481214046
736,0.0,0.1158539232946573
737,0.0,0.1267250367845924
738,0.0,0.1229933707280015
739,0.0,0.1230671986019709
740,0.0,0.1220651106592449
741,0.0,0.1220585124545499
742,0.0,0.1140657690233106
743,0.0,0.1037204960313238
744,0.0,0.1241338194056613
745,0.0,0.1187874492417782
746,0.0,0.1080408121205298
747,0.0,0.1051362328554248
748,0.0,0.108769420622633
749,0.0,0.1119456374179022
750,0.0,0.1077799483274082
751,0.0,0.1083372371442086
752,0.0,0.1058223681263685
753,0.0,0.1093237275426384
754,0.0,0.109051831168961
755,0.0,0.1081367621019957
756,0.0,0.1086886548259047
757,0.0,0.1017394454151352
758,0.0,0.1124289877895681
759,0.0,0.1180947083163814
760,0.0,0.1162577310745343
761,0.0,0.1173943229199012
762,0.0,0.1181573605221801
763,0.0,0.1101880163942976
764,0.0,0.1086181121859184
765,0.0,0.1151573896413278
766,0.0,0.1190482234172909
767,0.0,0.1187509094187093
768,0.0,0.132853619751909
769,0.0,0.1384929414440943
770,0.0,0.1430307562166068
771,0.0,0.1436059740931694
772,0.0,0.138227862828578
773,0.0,0.1403043695133563
774,0.0,0.1410127516082009
775,0.0,0.1379048051780536
776,0.0,0.1374979960930669
777,0.0,0.1332663858144589
778,0.0,0.1445542269594095
779,0.0,0.1376294059274765
780,0.0,0.1345824250471712
781,0.0,0.1306878565525471
782,0.0,0.1238016359590381
783,0.0,0.1261066992866293
784,0.0,0.1251254400108963
785,0.0,0.1092110008007305
786,0.0,0.1039365572288919
787,0.0,0.087924660551881
788,0.0,0.0877687567986416
789,0.0,0.0952179840587894
790,0.0,0.0972243850437215
791,0.0,0.0922512514819322
792,0.0,0.0999525295966619
793,0.0,0.091116706010758
794,0.0,0.0931073702607554
795,0.0,0.0943296041769925
796,0.0,0.1028360508522374
797,0.0,0.1019018526730632
798,0.0,0.1019536991081091
799,0.0,0.099974401697878
800,0.0,0.105484295470279
801,0.0,0.0998754310613696
802,0.0,0.1084639801931515
803,0.0,0.1174169146584414
804,0.0,0.1239414217545225
805,0.0,0.1228516270950241
806,0.0,0.1032281863663036
807,0.0,0.1051379908118814
808,0.0,0.1126179503801687
809,0.0,0.1075370733908926
810,0.0,0.1031735338141706
811,0.0,0.1027292258459258
812,0.0,0.1249444108602444
813,0.0,0.1288567156989033
814,0.0,0.1303176262609806
815,0.0,0.153633360221455
816,0.0,0.1626272766825822
817,0.0,0.1860222392041355
818,0.0,0.1886242988046189
819,0.0,0.1980614503820106
820,0.0,0.2096422581618069
821,0.0,0.1952858636332153
822,0.0,0.1968810860613339
823,0.0,0.1977057691818631
824,0.0,0.194166433553675
825,0.0,0.1893631387654966
826,0.0,0.1852461676632615
827,0.0,0.1908158516874494
828,0.0,0.1929804345236569
829,0.0,0.1952933403050014
830,0.0,0.1924474623690142
831,0.0,0.1861356603133037
832,0.0,0.1860818169290539
833,0.0,0.1836813972063045
834,0.0,0.1830907530019234
835,0.0,0.1856497630800131
836,0.0,0.1939812146439374
837,0.0,0.1944474412830044
838,0.0,0.2016323032069455
839,0.0,0.2013853050523932
840,0.0,0.2035085492917294
841,0.0,0.2027822472143656
842,0.0,0.2030512244666142
843,0.0,0.1994271463546095
844,0.0,0.1957857248732013
845,0.0,0.1990178400726363
846,0.0,0.1978277241998087
847,0.0,0.1958720797436792
848,0.0,0.1908206909720464
849,0.0,0.1816021810203967
850,0.0,0.1825459256094395
851,0.0,0.1809019931899715
852,0.0,0.1816206694257285
853,0.0,0.1825832777781839
854,0.0,0.1756129900090797
855,0.0,0.1883608714184979
856,0.0,0.1899868964370088
857,0.0,0.1860155060913757
858,0.0,0.1906797844342169
859,0.0,0.1964176031289601
860,0.0,0.1959941555980515
861,0.0,0.193037531210132
862,0.0,0.1832747552457121
863,0.0,0.183660508538433
864,0.0,0.1748114529979108
865,0.0,0.1776924735685994
866,0.0,0.1795266486914759
867,0.0,0.1857832037866831
868,0.0,0.186189537060561
869,0.0,0.1873278362083601
870,0.0,0.1870979184494214
871,0.0,0.1861451874297086
872,0.0,0.1776049773140771
873,0.0,0.171290603841641
874,0.0,0.1706204835769047
875,0.0,0.1772238096876226
876,0.0,0.1799588260405964
877,0.0,0.173235397086368
878,0.0,0.1746527752003921
879,0.0,0.1734335550488865
880,0.0,0.1718518480677628
881,0.0,0.1705202665263079
882,0.0,0.1729497185943083
883,0.0,0.1709903900133131
884,0.0,0.1760368934648546
885,0.0,0.1779577725212744
886,0.0,0.1831200928510699
887,0.0,0.1792851950134788
888,0.0,0.1788994944293334
889,0.0,0.181340526730954
890,0.0,0.183591348913096
891,0.0,0.1942194125039513
892,0.0,0.195422838864407
893,0.0,0.1957881752313104
894,0.0,0.1905407498687232
895,0.0,0.1890333295500512
896,0.0,0.1828021571423261
897,0.0,0.1803537096257077
898,0.0,0.1763970503499892
899,0.0,0.1715453051392446
900,0.0,0.1719201960496621
901,0.0,0.1743587275251747
902,0.0,0.1773006276654898
903,0.0,0.1745833436063475
904,0.0,0.1755276525934923
905,0.0,0.1812715154606443
906,0.0,0.1777638393147316
907,0.0,0.1820748960055447
908,0.0,0.181273528698364
909,0.0,0.179596043409179
910,0.0,0.1708286078760039
911,0.0,0.1798963663826684
912,0.0,0.1751856771450213
913,0.0,0.1670361676872056
914,0.0,0.1669579182210685
915,0.0,0.1720377297792037
916,0.0,0.1718948732637835
917,0.0,0.1825468186837961
918,0.0,0.187788030494671
919,0.0,0.1858207851017117
920,0.0,0.1917844051549981
921,0.0,0.1888792381790787
922,0.0,0.1846019361098687
923,0.0,0.1860387204389133
924,0.0,0.1832165885334216
925,0.0,0.1803455530375763
926,0.0,0.1693329339943654
927,0.0,0.1671583700654053
928,0.0,0.1673438875919115
929,0.0,0.1642246012944459
930,0.0,0.1668114965241682
931,0.0,0.1668537398064242
932,0.0,0.1669810956300992
933,0.0,0.1729170430560402
934,0.0,0.1714643917057967
935,0.0,0.1715120758058537
936,0.0,0.1690612511480955
937,0.0,0.1691006239595851
938,0.0,0.1674653966329935
939,0.0,0.1605743901283318
940,0.0,0.1656126557052901
941,0.0,0.1684994405464397
942,0.0,0.1719055911618052
943,0.0,0.1665336881189547
944,0.0,0.1661385362417116
945,0.0,0.1637536867795652
946,0.0,0.1650026315144093
947,0.0,0.1656128011921342
948,0.0,0.1682767586927172
949,0.0,0.1673527081477075
950,0.0,0.1632137220927945
951,0.0,0.1635037607292766
952,0.0,0.1639118371186534
953,0.0,0.1639550142540882
954,0.0,0.1617584740530304
955,0.0,0.160253536871562
956,0.0,0.15889998874829
957,0.0,0.1560042802583328
958,0.0,0.1565411142093098
959,0.0,0.1602013128088553
960,0.0,0.1614413802994259
961,0.0,0.1615955166820877
962,0.0,0.162952566264829
963,0.0,0.1642760681972439
964,0.0,0.1668307929884378
965,0.0,0.1654001593193517
966,0.0,0.161948622124509
967,0.0,0.1623732771738164
968,0.0,0.1654752284777327
969,0.0,0.1600593024975911
970,0.0,0.1620274610352405
971,0.0,0.1668458597668993
972,0.0,0.1646740919391964
973,0.0,0.1598837872944671
974,0.0,0.1576806907633996
975,0.0,0.1545724024397108
976,0.0,0.1554515286901232
977,0.0,0.1546544552819602
978,0.0,0.1540522977229619
979,0.0,0.1543260874928254
980,0.0,0.1525111245744956
981,0.0,0.1549875000392171
982,0.0,0.1562171175200002
983,0.0,0.1578127226853052
984,0.0,0.1573686674600181
985,0.0,0.1573686674600181
986,0.0,0.1597809389063265
987,0.0,0.1610535278497127
988,0.0,0.16440396827279
989,0.0,0.1615354622599878
990,0.0,0.1614809559309842
991,0.0,0.1623907234442367
992,0.0,0.1622527449220907
993,0.0,0.1521680323908931
994,0.0,0.1523974237739394
995,0.0,0.1524607941689253
996,0.0,0.155264612254341
997,0.0,0.1530293406885894
998,0.0,0.1488142969561707
999,0.0,0.1472960685794833
1000,0.0,0.1449673734417504
1001,0.0,0.1479159631058506
1002,0.0,0.1498335623472586
1003,0.0,0.1481410251705328
1004,0.0,0.1488938434929712
1005,0.0,0.1490989670899873
1006,0.0,0.1506969017705597
1007,0.0,0.1501533272848358
1008,0.0,0.1542790768783131
1009,0.0,0.1553128468247149
1010,0.0,0.1520679198149512
1011,0.0,0.1520679198149512
1012,0.0,0.152214813105763
1013,0.0,0.152214813105763
1014,0.0,0.1520478538293375
1015,0.0,0.1524608785293795
1016,0.0,0.1545292677738965
1017,0.0,0.1559469994026987
1018,0.0,0.1552402941620905
1019,0.0,0.1576587364349913
1020,0.0,0.1556821884579931
1021,0.0,0.1524873909221062
1022,0.0,0.1541638415795332
1023,0.0,0.1541388910730936
1024,0.0,0.1530504682254017
1025,0.0,0.153374429233055
1026,0.0,0.152758879311073
1027,0.0,0.1528599576236093
1028,0.0,0.1517926787511079
1029,0.0,0.1503916577415507
1030,0.0,0.1476451429315384
1031,0.0,0.1489958260686565
1032,0.0,0.1506466133600437
1033,0.0,0.1513991488915365
1034,0.0,0.1515699425631844
1035,0.0,0.1517806108289154
1036,0.0,0.1521814290607104
1037,0.0,0.1529422967213405
1038,0.0,0.1551131874436442
1039,0.0,0.1548871285060564
1040,0.0,0.1555849142800531
1041,0.0,0.1572611615419379
1042,0.0,0.1563218598027991
1043,0.0,0.1577941891277008
1044,0.0,0.1557392663348646
1045,0.0,0.1572978968239513
1046,0.0,0.157345651406106
1047,0.0,0.1553736093760802
1048,0.0,0.1591953523618594
1049,0.0,0.1581930871566415
1050,0.0,0.1580798550436859
1051,0.0,0.1576352749182739
1052,0.0,0.1585597784524894
1053,0.0,0.1588268044758776
1054,0.0,0.1588764966429956
1055,0.0,0.1558687497620046
1056,0.0,0.1560595436144012
1057,0.0,0.1579239405129231
1058,0.0,0.157920484990863
1059,0.0,0.1575867102181132
1060,0.0,0.1579137618147443
1061,0.0,0.1596629619613849
1062,0.0,0.1607139730776763
1063,0.0,0.1605924424280376
1064,0.0,0.161828410377161
1065,0.0,0.1614821178757854
1066,0.0,0.1639970140456037
1067,0.0,0.1638554723439218
1068,0.0,0.1651045221270179
1069,0.0,0.1637070619764169
1070,0.0,0.1642417412335826
1071,0.0,0.1643485069255124
1072,0.0,0.1650937754295918
1073,0.0,0.1644355295138102
1074,0.0,0.1645664221355003
1075,0.0,0.1637184256109092
1076,0.0,0.1639849449086474
1077,0.0,0.1649021287341074
1078,0.0,0.1652589312688437
1079,0.0,0.1646555467136126
1080,0.0,0.16378569592719305
